SHiBAdd_,And my Gma I love them to death.,
s_sumire_death,????????????????????????????????????????????????????????????????????????????????,
Nogib,@majornelson the death of Jar Jar (it doesn't have to be a real memory) #freecodefriday,
_Death_Scythe_,??????,
hawtspot,I need to add Great White to my karaoke repertoire. So I can lose my voice AND bore my friends to death.,
Sips_,so we made a "sips sings" album with james dean death scene. it has 12 rip roaring tracks on it,
ian_requilman,I made it through death and it feels so good,
_Death_Scythe_,??,
gabbyrevlugo,@pink_lady56 @CNN I didn't say you were racist . Do you feel you are?  Our bible also promotes stoning to death. #interpretationmatters,
Despite_MA_USA,@thelootlocker @bruinsgirl125 @jeff_thegreat1 @badbrad1987 @Mwerlinger11 death metal fest..moshing all day till KS came on..lots of,
lium_death,???15??????????    ??????    ???????    ????    ????    ????    ???    ??????    ?????????????    ???    ????????????   ?????    ???????????,
ExeterTurnAroun,Sad 2 learn of the sudden death of a colleague a couple of days ago. Someone involved with #Restorative Justice nationally too. #officerdown,
themukewhore,AND I KNOW SHE'LL BE DEATH OF ME AT LEAST WE'LL BOTH BE NUMB AND SHE'LL ALWAYS GET THE BEST OF ME THE WORST IS YET TO COME,
DJ_blooky,@Death_byGlamour ....heh.......*nabstablook can't help but smile even if just a little bit*,
TheAngel_Death,@fxshionist "Fine." He moves from the door and opens it for her "I'm still sorry.",
SlRlUSBLCKS,@arcanntirall me i want them death,
s_sumire_death,?????????????? ?????????????,
beckaabooo,All these doctor appointments are the death of me,
Nocturno_Anna,Saudades de escutar Death ??,
thePearlwithinU,"Even though I walk through the valley of the shadow of death I will fear no evil for You Are with me; Your rod & staff they comfort me."?,
TheProtestBoard,@PaulbernalUK I was going to write 'Unless you die' but that's been done to death. :),
judexes,@THEManOf_Steel_ freezing to death I think,
bjmcgeever,@ianpatrickhines Thanks Ian. And what’s the Scriptural root/basis for post-death prayers? Not sure if it’s in the Protestant canon,
droidnoise11,death grips cover band w u t,
Ririeok_Death,@hikou_ ???? ?????,
Chottis92,I feel like death,
mikecieslar,@majornelson Death Star being destroyed #freecodefriday,
_goddessty,I just watch Breon's mother on the news and whoever did that should get the death penalty.,
bobbiethornert6,#MindfulnessSOMADaily Since his death there have been numerous alleged sightings of Presley.,
JoeAmericaRadio,@TheKuhnerReport Death to Cops is the essential component of Black Lives Matter.,
sinceiwas19,@starkillus últimamente Panic at the disco y Death cab for cutie recuerdo sus nombres porque ya tengo más de una canción de ellos,
w115wwp,@xMohannad_ @Death_Dealer_N @3ajel_ksa ?? ?????,
dirtbag_adumb,I think instead of the death penalty we should sentence people to a lifetime of only being able to take post-shower poops,
coliveiradots,Ligo o notebook pra ouvir um Vanguart e o napalm death lançou disco novo deveu vanguart.,
w_amirah,@CapSouthCoast zerrie is death get over yourself !!! Leave him alone ...errrr,
showusyourwork,Mother Teresa treatment of sick with prayer instead of medicine may have killed 100s if not 1000s. A saintly death toll like Constantine's.,
mahnoooed,@Het_Death_Met ?,
ajthewombat,@farahfirz yeah idk why because normally i LOVE flights but this time it was just OH! DEATH IS ALL AROUND,
02dilemaRD,MCSO detective may face $4M wrongful-death suit in driver's death: Attorneys are prepping for a 2016 civil trial in the case of Sean ...,
HBD29DEAGOSTO,MCSO detective may face $4M wrongful-death suit in driver's death: Attorneys are prepping for a 2016 civil trial in the case of Sean ...,
Tomo_san_death,oh…????????…??????…(;´??) ?????????,
chelllabot,*lying on death bed* *looks intensely at the camera* *farts*,
_Death_Scythe_,???????,
death_of_speedy,@bigdoakie @foucault_45 but doak buddy this here's just crazy talk,
alafiadelight,@Merck_Engage death is such a wonderful side effect thanks!,
Sennesation,Rodgers 2013 - Death By Football Klopp 2015 - Heavy Metal Football,
death_mask_bot,??? ??? ?????. ?? ??? ??? ????!,
sheeeebs_,the throne of glass series is going to be the death of me. my heart cannot handle how much I love these characters and books.,
menhavelupus,#FactFriday: #MyelitisLupus attacks your #SpinalCord & #CentralNervousSystem and can cause #quadriplegia and #death.,
hypnos_greece,@Thanatos_death_ ????????????,
Ntulele,Human beings are a glitch in the system and mother nature is the programmer death is her "Debugging" you from the "system" earth?,
fxshionist,@TheAngel_Death   “Tyler! I want to leave!",
treugolny_hui,@death_is_invtbl ?????,
ellcoils3,@jack_fnk better delete this before I receive death threats from others,
Julie_Kenney15,This kidney infection will be the death of me..,
s_sumire_death,??……,
catnevespi,@froggydarren thank you. I was considering watching the AOS finale now but another character death NOPE CAN’T DEAL,
kaitokun_death,???????????????,
Chris1014Lee,Can't express enough how glad I am to be home. Feel like absolute death. First hot toddy is going down well though.,
_PlushSizeQueen,If I sit around I'll worry myself to death .,
trizzayy,@been_Nasty BREAKING: Lebron James saves a pack of wild kittens from immenent death gives them all signed jersey.,
s_sumire_death,????…,
A_POX,I have 2 exams in the next 8hrs and all I can think about is watching more Death Note...,
clairezabski,we all have those unusable selfies where objectively we look good but there's nothing but death behind the eyes,
Septimius63,@DailyCaller Delivered an even bigger death blow to GOP. Republican party got its last votes from me last year. Millions more agree.,
circuspizza,@_gaybe LAFFS LAFFS LAUGHSSSSS CHOKES TO DEATH AND LAFFS SOME MORE IN HELL,
SterlingJoy94,.@aetna @artgraz @iedaction @jugglingjenn @juleekatzman @mtbert Dont forget recipe 4 use unqualified reviewers 2 make life& death decisions,
DeleyySquared,And I know she'll be the death of me  #ALDUBAngPagtatagpo,
Niko_of_Death,@ThighHighGod yee,
rapeman_death,@Reimu_Galaxy ????????????#??? #antifa,
atroclus,. You can see the death in his eyes but he keeps on going. This is why Levi is one of my favorite characters.,
ColleenCosgriff,"Even if death is sitting right in front of you...you can't ignore it. We can't ignore the truth of why people die." -Rev Ashley Goff,
methodmike_,Man I know it feels like to lose a close friend to an unexpected death. Just know you will be able to get through this,
SWMN_SportsGuy,In sadly the least surprising news of the day STP singer Scott Weiland's death ruled an accident due to toxic combo of drugs booze.,
FSM1988,@tomf80 Sounds a bit week. How many murders and abortions did Sanger & @PPFA do before her death in 1966 and Roe v. Wade in 1973? @regebro,
muslim_harbour,196. #???a  and mortals looked upon him as the true Christ and after death their souls went thither.,
KatrinaDeLallo,A thief must confront an anti-magic ruler and trial beyond death to stop the magic in his world from fading. #Pitchmas #YA #SFF,
andrewssarcasm,Pretty sure the Death Star serves Aramark food,
MsShare,I need Apple to come out with the little phone in January. Mine is dying a slow death and I refuse to get the big 6.,
ThighHighGod,@Niko_of_Death there's a new Alvin?,
unconcern_death,i wgl wtf angielski rozszerzony podobno lepiej mi poszed? ni? podstawowy ?,
kaitokun_death,???????,
riangabrielle_,im tired and hungry ill just sleep this will be the cause of my death,
EmAnnBirt,@ImStillNotKevin @JoshsoraGaming He was just imagining chilling with death obv.,
_BonitaSimone,I tried to live my best life.  I'm now dying my best death. I'll see y'all when I recover in 2017,
mikecieslar,@majornelson the Death Star being destroyed,
sky_tfa_talk,Basically don't just give me new bigger death star.  Give me obvious narrative choices that show they are just copying an old model,
amandaajoyaa,border line grades are life and death situations dude,
Tobie631,#InteriorDesign&StyleSOMADaily Head's marriage to set designer Wiard Ihnen on September 8 1940 lasted until his death from prosta...,
Swartzo21,This anxiety is gonna be the death of me,
ShutterWolf,@shadows_remain @ScarfyConly @marcmcgaugh1975 @Lykanos_Wulf @PentaWolf The stench of death from vampires. Hideous hissing nasty things.,
SuggyMyKing,@ChibiChic123 DEATH NOTE YASSSSSSSSSS AND YES YOU DOOOOOOOO,
rapeman_death,@takanorieto ?????????????????????????????????????????? #deai #??? #???? #?? #??,
tishaedtaylor,These cramps feel like death ?,
PIERCE_H_17,Day 3 of the flu: Morale is low. Death appears to be imminent. It was a pleasure knowing all of you,
LevelUpFireBug,@LevelUpFixit @YouTube @ScrewAttack Literal  death battle xd,
anglcoda,I act cute sometimes on twitter but wait till my songs about death influenced by black metal,
kaitokun_death,???????????????????????,
bigdoakie,@death_of_speedy @foucault_45 im trying to liven up the tl,
NaguA_Punk,Estaria necesitando From Death to Destiny de Asking pero en este país no hay una mierda.,
thaboyrich,Thad death stare Tyrese gave will always be classic,
KBCHAU,Death Drive,
lopez_adrean,@JFlameheart Jack: death would've been cool too though,
TheAngel_Death,@fxshionist "Well that's actually blasphemy.",
barbara_holm,I hope all the gyms I've left without quitting and just canceled my credit card go along with this plan to fake my death.,
unconcern_death,a z ca?ego egzaminu gimnazjalnego z polskiego mam 94% razem z rozprawk? ?,
PerrBerr705,Drinking coffee regularly reduces risk of premature death apparently??????????,
Niko_of_Death,@ThighHighGod u watchin the new alvin?,
Annarquette,I honestly feel like death.,
AwkWordO,#2015infivewords: Murder Death Greed War Idiocy. #AmericaSucksGunCock #AmericaWorshipsRamboJesus #Truth,
yukihopyon,@kuso_death_ ?????????,
LastBornChizi,#myhealth254 In 2012 Cancer was the second leading cause of death in Nairobi Eastern & North Eastern after TB,
LivingInHopeUK,@safeerahmed9177 @SkyNews English please? Islam is a death cult & Mohammed the perfect being; he was a barbaric perverted sadistic warlord.,
Rasp_5,@DJ_Slizzard Death Cab <3,
IsaiahTruthful,In the way of righteousness is life; and in the pathway thereof there is no death.,
kaitokun_death,?????,
tess_untitled,@spencerwinters Ahahaha. If you say so. I almost scared myself to death. I was like who is this crazy person? Oh it's me xD,
JohnPReid,@righttoprotest @HighburyJD it's not a murder that implies unlawful Duggan was lawfully killed Baker death not known if unlawful,
Horwitz84,Airport and airline authorities in India on Thursday began investigating the death of a technician who was sucked into an aircraft engine,
Rockness_Dog,@Fuskerz Elevators freak me out a bit. Especially ones that are dark death boxes.,
cwethern,@debenham Thank God we keep getting bigger Death Stars.,
Randiii__,I fully expect a swift death will be given to me if I partake in any office potluck party today.,
TomConnolly3,[WBNY top 25] @Metric  #19 "Lie Lie Lie" - Metric (last week #13)  playing Toronto's Air Canada Centre March 23 with Death Cab For Cutie,
WazaZulu,Cami's death is more frustrating than L's,
jay_ajackson,deeply saddened that Peep show has proper finished now like a death in the family probably worse,
s_sumire_death,??,
CommonBro,Opinion: Militant Jihad’s Softer Side: Radical Islam isn’t just death and destruction. It’s also about fashion poetry music and dre...,
dxman830,We give you death by 45...it's what we call your last timeout..,
reeseycup_72,@BigDaddyBremer in the first testament worshiping a false idol is punishable by death. So that makes Christians the same right?,
layo_42,The death of the dog in "I am legend" sadder than any chick flick or any human dying in a movie ahah,
Death_102,????? ?? ????? ? ??????? ???? ??????. ???????? ??????? ?? ??????? ?????? ? ?????? ?? ?????? ? ????. ??????? ???? – ???????????? ? ???????!,
takanorieto,@rapeman_death ??????????????????????  #?? #??? ????????????,
WangManduuu,@KittyCoups oh I was going to start watching soul eater over Christmas!!! Is it good? Death note is amazing I really recommend it,
ArgosOnBookRags,“I've handed life and death back to the people who do the living and the dying.” - Alfred Bester,
BethlehemShalom,huck-to-death,
DJBluetoothOGG,But im trap phone shawty to death,
fxshionist,@TheAngel_Death  “Let me out Tyler I swear to god.”,
death_is_invtbl,?????? ?? ?? ????????? ??? ?????? ?????????? ???????? (? ?????? ??????),
SamNWDO,Wonder why no ''Celebrity'' stand up for #ExMuslimBecause while many stand against ''islamophobes''. Maybe its the easy death penalty for ex,
MaMoLeCoCri,@RushOfStories nothing is fun but at least it will be a closer to death so yay,
KkamJjaejoo,Jongin wearing specs will be the death of me.,
Land_Of_Death,@vesyusha isid kafas?n? keserdi olmamas? daha ii,
serhat50014,First fuck u @WhatTheEpicYT. And nobody want a ass bitch guy who laughed at anyone's fathers death here in germany @ICanMineDanish.,
Death_Losers,??????????????????????????????????????????????? #makegumibot,
death_of_speedy,@MrPhetz can you tell me a little about this feature,
TE_NYAN_death,?? ?*:.?. .?.:*????*?????? ????? ??????????*????*:.?..?.:*(*??6)(*???)(???)(??)?*:.?. .?.:*????*(??),
Foxman_death,@NEWYORKFOUNDERS #?? #?? ????????????,
Foxman_death,@TurnedUpTulsa ????????????#?? #???,
rmcg2799,Rapist responsible for sexual torture and death of Jyoti Singh released by Delhi court. India still hates women. Shame on you all.,
_KylieLong,APMC will forever be the death of me,
ankurparasar,Nirbhaya Committed No Crime. Got Death. Criminal Who Raped & Killed Her Gets Second Chance. #NirbhayaRapistOut,
Blind_Step,@majornelson @EAStarWars #freecodefriday when luke blows up the death star!!,
1001101011_,-Oknow we have three fucking Death Stars.. -......Well three times is a fucking cha-a-arm!,
wthkay,accidental gleeking will be the death of me,
Tahla_Amariyo,Such an ignominious death.,
micaelmorais,@ychromosomej @Hoshle @girsuah @darthodius did you ever imagine your self being stonning to death is a very satanic dead..,
Kasssyy,i'm giving everyone the death stare who tries to talk to me about the new star wars movie because i. haven't. seen. it. yet.,
RobertsAspen,Death I am your bitch lover,
Ben_Neato,@Occultrutherbot U ascribe 2 corrupt knowledge designed 2 keep us locked in contentment of our fate. The Death Angel comes 2 claim his bride,
thatlevi,SPOILER ALERT: Death comes for us all,
LMHKookie,Perghhh #Remember terbaikk lahh nanges kot gua tgk part ayah Jin Woo sentenced to death tu,
RosemontBC_WS,'Faith itself is among the principal effects and fruits of the death of Christ.'  - John Owen,
shana_kiara124,@kuro_san_death ?????????????,
Hakeeem__,Love all my real niggas to death ?? So im riding out regardless the situation & idgaf who they beefin with at the time My beef they beef?,
s_sumire_death,?????????????????????????,
rapeman_death,@takanorieto #?? #??? ????????????,
chiinchangkx,Teresa... Magsama kayo ni Ava Paige sa Wicked pagdating ng Death Cure. Panira ka.,
MischievousSin,I feel like death....,
hipsterboner,when Deathly Hallows dropped i spoiled Fred's death in a "bust a rhyme" round. let that be a lesson to you holiday revelers this weekend,
voidwalker___,@okandressa pois tocando aqui um death cab for cutie porem no violaum,
gammongoalposts,@blackpoolarab73 only three things sure in life.  Death taxes double 1's,
KittyCoups,@WangManduuu I've been wanting to watch death note and read the mangas for it too^,
unconcern_death,aw tak si? ciesz? bo mi naprawd? na tym ogromnie zale?a?o ?,
fox28Iowa,JUST IN: Missouri state trooper charged Brandon Ellingson death.,
cbs2iowa,JUST IN: Missouri state trooper charged Brandon Ellingson death.,
death_niboshi,?????????????????,
allie_bray,I. Am. Not. Okay. ?? math will be the death of me.,
KimberlyMerkins,I feel like death today. ?,
boudaaks,I don't understand people who get offended when they're wished a Merry Christmas. If I was wishing for your painful death I'd get it but..,
raprhymefacts,"Just playing the hand you was dealt no aces. Betrayal is worse than death in most cases." -Jadakiss,
kelbybus,This final will be the death of me,
death_of_speedy,@foucault_45 @bigdoakie right?,
