JackFitzs,@SkySportsNewsHQ milking this Klopp to Liverpool now. Can't wait to read the article on what he's had for his dinner,
FootyRss,[TalkSport] Jurgen Klopp 'not interested' in transfer budget as new Liverpool boss rules out raid on Borussia Dort… http://t.co/m5BEIQmBdE,
carlmarkham,Will come as a disappointment to many @LFC fans but it seems Jürgen Klopp isn't thinking of raiding @BVB in January. http://t.co/XyhbtPVw8v,
digisportro,Te umfl? râsul... Cine a fost contracandidatul lui Jurgen Klopp pentru postul de antrenor la Liverpool FC.... http://t.co/wtUMxFLjog,
Reds_Indramayu,Jurgen Klopp Tidak Akan Datangkan Pemain Dari Borussia Dortmund | #LFC #YNWA #YNWA_Selawase http://t.co/2Nz80In58x   lewat @FourFourTwo,
MYLOVE4LFC,#Lallana “I am excited very excited to work with the new manager” #Klopp #LFC,
LukeAntonyMoore,Actually Borini was Liverpools second hardest worker reminds me a bit of Groskreutz poor until Klopp came in. Wouldve got a look iin.,
LivEchoLFC,Klopp arrives at Melwood ahead of first #LFC training session. Pictures here: http://t.co/HNABgzWsQ4 http://t.co/tINVqMMN8C,
LFCBoston,Video: Jürgen Klopp’s tactical approach explained http://t.co/ie6EMKU2rl http://t.co/qppNe0PVWr,
derohudedyly,Jurgen Klopp http://t.co/ZqJFxgZvS4,
TheRedsFC,Video: Jürgen Klopp’s tactical approach explained http://t.co/F8oHQMRAn0 (Thisisanfield) #LFC,
SweeneysTweets,@julian_barratt now Klopp is at Liverpool I wonder if Jurgen Haabermaster could do with a reboot?,
LfcTickets,Is Klopp going to sign Lewandowski Reus or Gundogan? He says he has 'no intention'… http://t.co/ljmljPs6MD http://t.co/lD7SCAWAX7,
Reecewilson10,@Renz_R1 klopp will 110% get rid of mingolet lallana and lovren. Slowely phase them out. Never good enough for LFC,
LfcTickets,Adam Lallana has spoken on Klopp's arrival... and the departure of Rodgers… http://t.co/LAK5GDLT3T http://t.co/OQUzhlulXQ,
BBattmer,@nkean01 @imillenari @AlonPinkas @klopp_juergen  Thank Godhe's happily married ?,
lfcbuzztap,http://t.co/wFHHYmf9us >> Klopp Liverpool’s top transfer targets emerge http://t.co/oBBLAsv8ek,
top99news,Jurgen Klopp: Liverpool manager has 'no intention' of raiding Borussia Dortmund for Marco Reus and Mats Hummels http://t.co/sO2tKrOrJu,
PeteKopite,@AnfieldIndex Been catching up with some Klopp Pods today And my first bit of negative feedback Gags. I’m not sure about your singing :),
uktop99news,Jurgen Klopp: Liverpool manager has 'no intention' of raiding Borussia Dortmund for Marco Reus and Mats Hummels http://t.co/vod7HpPndE,
FranceLiveSport,#SPORT #VIDEO Foot - ANG - Liverpool - Hitzlsperger : «Klopp peut réussir» http://t.co/tmLZwN1nPl (L'équipe),
Sketsa_,Klopp Enggan Bawa Gerbong Dortmund ke Liverpool http://t.co/VYyX2xIhwF #Kabari,
kopitesgirl,Video: Jürgen Klopp’s tactical approach explained http://t.co/rgYPk9OoR9,
TheLFCEffect,But if anyone is cool enough to handle all that it's klopp,
Liputan_BolaID,Thomas Hitzlsperger: Jurgen Klopp Butuh Waktu & Uang http://t.co/hFEEpV2pka,
TheAnfieldTruth,Give us a follow Liverpool fans! Red or dead! #LFCFamily #LFC #Klopp http://t.co/FLLw9d11Nu,
BluenoseGreig,Love how the media do jack shit work when a new manager comes in somewhere suddenly every player to ever play under him is a target! #Klopp,
TheLFCEffect,The pressure we as fans and the media have already placed klopp under is exponentially greater than anything he faced at Dortmund,
Reds_News_,Video: Jürgen Klopp’s tactical approach explained http://t.co/b3lrCKkACk,
VietnamLFC,#LFC Video: Jürgen Klopp’s tactical approach explained: The hugely successful and much-praised ... http://t.co/yTHgDqrcIX @thisisanfield,
LiverpoolFcTwit,Video: Jürgen Klopp’s tactical approach explained: The hugely successful and much-praised tactics of Jürgen Kl... http://t.co/u5z0fNJR9D,
Kopsource,Sky Sports - Klopp takes first session http://t.co/ULWhSeBP16,
prabinLFC,@PortuGoal1 What if Neves to Liverpool continues after break too? Heard Klopp tried to sign that lad for Dortmund also.,
p_brandenburg,Welcome to England Jürgen Klopp https://t.co/8r66uU4j9n,
football_spy,1. Dream. Realistic. Wildcard: How Jürgen Klopp could give Liverpool a transfer makeover - http://t.co/1mphl2deGf http://t.co/OYi56lv9SB,
LivEchoLFC,Is Klopp going to sign Lewandowski Reus or Gundogan? He says he has 'no intention' http://t.co/DiokgdJ7eg http://t.co/Mz0NDLml6Y,
clearhype,PREMIER LEAGUE: Ferguson ‘worried’ by Klopp appointment http://t.co/OvlzTHR2Mc http://t.co/KmXp42mwZv http://t.co/G945kYdI42,
clearhype,PREMIER LEAGUE: Ferguson ‘worried’ by Klopp appointment http://t.co/OvlzTHR2Mc http://t.co/KmXp42mwZv http://t.co/Zcp5qKG4oK,
liverpoolfcswe,Klopp har inga planer på att värva från Dortmund:... http://t.co/6BlAX1VgtH,
eng_footy_news,Klopp will not ruin his reputation by raiding Dortmund – Rauball... http://t.co/dKFzAxAhxF  #football,
clearhype,PREMIER LEAGUE: Ferguson ‘worried’ by Klopp appointment http://t.co/OvlzTHR2Mc http://t.co/KmXp42mwZv,
football_spy,New Liverpool manager Jurgen Klopp wants to build a 'recognizable brand of football': http://t.co/ISryH4QQHk http://t.co/zwNxi74lMq,
haxrxe,Klopp playing emre in midfield ?????,
newsbundesliga1,Liverpool target trio of quality attackers as Klopp makes January transfer window plans... http://t.co/VerWOJxAzt  #Bundesliga,
Seputar_LFC,Juergen Klopp setuju untuk menyewa apartemen mewah seharga £1.2M milik sang mantan Brendan Rodgers di daerah Sefton Park Merseyside [Mail],
SportsPeteO,New Liverpool boss Jurgen Klopp says he has no plans to raid old club Borussia Dortmund for new players. #LFC #BVB,
newsmls1,Video Pick: Check out Jurgen Klopp the Player... http://t.co/VYhm6uPpaq  #mls,
FootBoiller,Liverpool FC: Check out new manager Jurgen Klopp's top five goals for Mainz - http://t.co/spzAuP3rIJ http://t.co/Auf0cdJjDb #LFC,
DJ_Strika,@SkySports "Klopp goes to work" "Klopp is the normal one" " Klopp excites Lallana" "Klopp Klopp Klopp" ?????,
TerranceNdlovu,@TaintlessRed @dannylemaistre Your placing far to much expectation on somebody who has just started their job. Klopp doesn't walk on water.,
eng_footy_news,Jurgen Klopp 'not interested' in transfer budget as new Liverpool boss rules out raid on Borussia Do... http://t.co/r80NXbc73c  #football,
kiyo_paul,Liverpool Echo Who said it- Jurgen Klopp or Roberto Martinez? quiz can you beat me? http://t.co/VWsvBsK7wj @LivEchonews,
BestFootyPieces,Klopp has his unrealistic pedestal (@JohnnyTheNic): http://t.co/3k77S68k0V,
JGandy7,The way people are banging on about it you'd think Jurgen Klopp is the only manager who smokes and likes beer. Take it down a notch people..,
GOAL_ID,Thomas Hitzlsperger: Jurgen Klopp Butuh Waktu & Uang - http://t.co/9Fts1kzYxu http://t.co/GVv9RkoyqV,
eng_footy_news,Jurgen Klopp inspires Liverpool youngsters after watching Reds academy victory... http://t.co/hgjWeSD4Ob  #football,
macanbola,@macanbola : Klopp Pastikan Tidak Akan Boyong Pemain Dortmund Ke Anfield http://t.co/mcenp58JZc http://t.co/5PeOXWKS6q,
CarlaLozanoC,Los 5 mejores goles de Jurgen Klopp como jugador http://t.co/KJmYto32r1,
princedulzy,Liverpool manager Klopp targets Andre Ayew http://t.co/5LVqqLlIFy,
WMNSport,Adam Lallana excited by Jurgen Klopp's arrival at @LFC  Read more: http://t.co/3eExsewDbM http://t.co/Qf6owaEBPl,
Footballerzone,TOP FOOTBALL | Jurgen Klopp inspires Liverpool youngsters after watching Reds academy… http://t.co/MuEtAAHTlM,
GHsports5050,Liverpool manager Klopp targets Andre Ayew #Sports5050 #Transfer Read more: http://t.co/iCpx38YiQj http://t.co/Agg02hTzjF,
Footballerzone,TOP FOOTBALL | Jurgen Klopp has vowed to restore glory days to Liverpool FC... but how has… http://t.co/mODNcEhNjj,
NobarTV,Berita Bola NobarTV: Klopp tidak Berniat Datangkan Bintang Dortmund: http://t.co/B9k7PxThKs… http://t.co/dcfTKSvEIv,
ABKNewsOfficial,Hitzlsperger: Klopp can get top four http://t.co/FM3hBPDMNH,
RageediOnline,Jurgen Klopp ‘not interested’ in transfer budget as new Liverpool boss rules out raid on Borussia Dortmund http://t.co/m01K3I8359,
britfootballnet,Five Liverpool players delighted with the arrival of Jurgen Klopp: Kevin Coleman plucks out five players who'l... http://t.co/UfqcCKAl7P,
azil939393,Jiga di Ruiz cafe.. Cc @doniidawan "@PLESETANBOLA: Juergen Klopp ngebir bareng cabe-cabean kota Liverpool. http://t.co/dwWDTvmt9w",
newsme183,90min_Football : Klopp Says He Won't Sign Any Dortmund Players at Liverpool http://t.co/ZGUku4vwPr http://t.co/7Vz7W6Jw9q,
MoneyGFX,“@MailSport: Jurgen Klopp ALREADY inspiring Liverpool teams to victory http://t.co/GTKpiu7Bfb” LOL,
rahulpuri,Yes I expect #Klopp to get the best from #Lallana as well. That pressing game should suit. #LFC,
James2Kettle,@seanmcleod91 aha he's got a great relationship with klopp though and that means everything best striker in the world right now why leave,
MubzLFC,I'm not worried about Sturridge fitting into Klopp's system. He'll be fine.,
SPORT1update,Heidel half bei Klopp-Deal mit Liverpool: Jürgen Klopp ist neuer Trainer des FC Liverpool - und Manager Christian… http://t.co/rIEZbUQuR6,
LivEchoLFC,Adam Lallana has spoken on Klopp's arrival... and the departure of Rodgers http://t.co/tzwi8KgXHv http://t.co/HHqDUINSof,
harisbinshaukat,Klopp Opel tv commercial speculating about his future club https://t.co/MZZ9zrPVp7,
Chibeke75,@Eastwood_ 'mr klopp',
Masbola,GOALID - Jurgen Klopp Tidak Akan Datangkan Pemain Dari Borussia Dortmund http://t.co/EJMwzbewgW #masbola,
Chibeke75,@klopp_juergen congrats being (not 'too' offend)/atb dem hub management bland.neat tidy raida...nice up  pis dem slarta bar(s)low totty haha,
vendautos,¿Qué Opel elige Jürgen Klopp para su aventura en Liverpool? -- Estilo de vida -- Autobild.es http://t.co/SgD1zrjg13,
carwashlavilla,¿Qué Opel elige Jürgen Klopp para su aventura en Liverpool?: Jürgen Klopp nuevo entrenador de... http://t.co/6X4JTAXdC6 #CarwashLaVilla,
CallumSturt94,@LoveTheShirt We you ever milked something like Liverpool have with the signing of Klopp?,
carscrazy069,#Cars ¿Qué Opel elige Jürgen Klopp para su aventura en Liverpool?: Jürgen Klopp nuevo ... http://t.co/3xTWDrajDM http://t.co/c0kLQxYrL9,
ProSoccerTalk,Klopp Liverpool's top transfer targets emerge | #LFC #BPLonNBC - http://t.co/mIrVxo9NX1,
BVBLatest24,Klopp Comments On Transfer Intentions Responds To Liverpool Rumours: New Liverpool manager Jurgen Klopp ... http://t.co/ABa0TsGoo8 #BVB,
NBCSportsSoccer,Klopp Liverpool's top transfer targets emerge | #LFC #BPLonNBC - http://t.co/14xQb2IGrL,
Automotrices7,#Automotriz ¿Qué Opel elige Jürgen Klopp para su aventura en Liverpool? http://t.co/Kah1zQGIp7,
rahulpuri,#Klopp will push #Sturridge on his work rate but I expect he will rise to it. #LFC,
vendautos,¿Qué Opel elige Jürgen Klopp para su aventura en Liverpool?: Jürgen Klopp nuevo entrenador del Liverpool est... http://t.co/H61pIAVlQr,
LFCNY,Which current first team regular do you think is most likely to be dropped by Klopp? And which fringe players will we see more of? #KloppLFC,
Pecinta_LFC,Hari ini nih kop Juergen klopp akan latihan di melwood dgn pemain yg tdk ikut laga internasional seperti... http://t.co/nLD31GzaYH,
BorussiaPassion,Jürgen Klopp: "I have no intention whatsoever to lure Dortmund's stars to Liverpool"   #BVB #LFC http://t.co/87WVz3tw8G,
Fansinator,Super!All football fans can't miss "The normal one" #Klopp t-shirt by #LFC... http://t.co/qR5qKnD0Em,
crazyharsh1995,Klopp on calling himself the 'Normal One': "Sometimes it's better to keep your mouth shut but in a press conference it's pretty difficult",
Info__DE,Jürgen Klopp: Begegnungen mit Karl Kardinal Lehmann: Mit Beiträgen von Helmut Kohl Angela Merkel Norbert Lammer >>https://t.co/nn6jcn4ERz,
media_op,PREMIER LEAGUE: Ferguson ‘worried’ by Klopp appointment http://t.co/jZrW5aNiYZ http://t.co/agSBtGGPaD,
genuinechimere,PREMIER LEAGUE: Ferguson ‘worried’ by Klopp appointment http://t.co/LZiRdhkh2c http://t.co/qiZC9upv9s,
iamIllthotz,PREMIER LEAGUE: Ferguson ‘worried’ by Klopp appointment http://t.co/j6mPpyaU2M http://t.co/6jDZJlapfx,
DJ_Strika,@SkySports can you guys finish giving Klopp head now? I can't open the sky sports app without seeing his every move ?,
mediagag,and on a completely diff note to that Rondo profile @jonathanliew on Klopp and his early years http://t.co/5LViqSDhvE,
SoLLISLiaison,Learning German is a good idea: Ben Bloom: How Jurgen Klopp turned me into an internet phenomenon | via @Telegraph http://t.co/qMYs3GTALr,
LFCinfinite,#LFC http://t.co/JJf7McUWAg Jurgen Klopp 'not interested' in transfer budget as new Liverpool boss rules out raid on Borussia Dortmund,
ninasakinah,@Jerjunkz klopp owner liverpool yg skrg,
Fanatic_LFC,Jurgen Klopp bersikeras bahwa dirinya tidak ingin mendatangkan pemain Dortmund ke Liverpool (Echo).,
toughguy95,@hafiznazri17 busuk arr lonih org letok gmbar klopp #KloppLFC,
IndigoLFC,"Klopp won't accept Sturridge's varying work rate. That's the most intriguing one.",
TotalSoccerID,Carragher: Karisma Klopp Lebih Besar Daripada Benitez http://t.co/OgXsdxP4So,
egghat,#Fussball: Klopp will keine #BVB-Spieler nach Liverpool holen http://t.co/1gF0NcWNew Hat der #FCB ja schon gemacht; also dort shoppen.,
Fryzjer_PL,Klopp o Lewandowskim: "Przed laty wzi??em go z niewielkiego klubu" @lechpoznan,
PRLiverpool,Riise: Jürgen's words gave me goosebumps - The appointment of Jürgen Klopp 'has lifted the Kop' according to forme... http://t.co/l698huumNI,
marteydk,PREMIER LEAGUE: Liverpool manager Klopp targets Andre Ayew https://t.co/FlOdENJbEx via @YahooSportUK,
irresistibleOne,Jurgen Klopp enjoys a beer and a cigarette with family on night out http://t.co/bvrykOg8Ch  #LFC #cigarettes #JurgenKlopp,
carleaseuk,Drive the same car as Liverpool manager Jürgen Klopp from only £169.99 per month!  http://t.co/UB3UhPruIf http://t.co/PSJEOk8gls,
MutalievM,@premierleague totenham will win ( Lfc fan ) klopp not ready for the moment,
baffournanayaw1,Klopp has identified Marco Reus and Ilkay Gundogan as the two players he thinks can make a huge difference to his team.,
kop_that,Talksport: Jurgen Klopp 'not interested' in transfer budget as new Liverpool boss rules out raid on Borussia Dortmund …,
martinkrag,@frank_pilantra En offentlig hemmelighed at BVB under Klopp var meget varme på Praet. De andre står for egen regning - eller hat.,
AlexK1mm,Klopp should have came to Madrid.. smh..,
LFC_Blog,Jurgen Klopp inspires Liverpool youngsters after watching Reds academy victory: Liverpool youngsters were 'buz... http://t.co/SqpW4qVXyY,
TheFootyPortal,Jurgen Klopp inspires Liverpool youngsters after watching Reds academy victory: Liverpool youngsters were... http://t.co/fkaG5Tpflg #LFC,
xavexy,Jurgen Klopp Reveals His Aims For His First Season In Charge At Liverpool http://t.co/7jzfhhEvyw http://t.co/isrEX3Ni1c,
AppzThatRock,Liverpool target trio of quality attackers as Klopp makes January transfer window plans http://t.co/UELGnZKH4n,
sportba1,Uvijek nas razveseli :) Veliki majstor Jurgen Klopp! http://t.co/gpl7sP6Wr7,
FMundofutbol16,#RUMOR | Según informa 'Daily Star' Jürgen Klopp ha pedido un portero. Loris Karius y Bernd Leno los favoritos. #LFC http://t.co/YcEhSCUNXs,
sollyez,http://t.co/18q5w1w4Qa :  Klopp tidak Berniat Datangkan Bintang Dortmund http://t.co/U6VRongRZO,
talkSPORT,Jurgen Klopp 'not interested' in transfer budget as new @LFC boss rules out raid on @BVB http://t.co/ILsglH21vg #LFC http://t.co/6nt9EK4eKt,
DominatorGolden,Klopp pushes Liverpool to go for £35M BVB striker Aubameyang: Liverpool boss Jurgen Klopp is being linked with... http://t.co/gh8bz1StxD,
DominatorGolden,Liverpool boss Klopp admits 'Normal One' quip was off the cuff: Liverpool boss Jurgen Klopp says his "Normal O... http://t.co/lJtVePZU2r,
Hamrin_Deutsch,Aktuell - Kritik an BVB-Coach: "Klopp war Herzenstrainer Tuchel ist Trainer" http://t.co/odz9zMwCGN,
futuroscracks,Jürgen Klopp: "Liverpool were the only club I spoke to" http://t.co/1iAc7bBE9Y,
Futballkinship,Jurgen Klopp 'not interested' in transfer budget as new Liverpool boss rules out raid on Borussia Dortmund... http://t.co/exCxpJdxNm,
SINDOnews,Klopp Enggan Bawa Gerbong Dortmund ke Liverpool http://t.co/kpbSATXStM http://t.co/TAc9j7kcYg,
Futballkinship,Jurgen Klopp 'not interested' in transfer budget as new Liverpool boss rules out raid on Borussia Dortmund http://t.co/Q695V2rl7H,
AnfieldBible,#Didyouknow Klopp beserta keluarga tinggal di apartment lama Rodgers di Sefton Park. #lfc - http://t.co/Kv3uqI3foy,
allisborti,Macalinka Cusub Ee Liverpool Jurgen Klopp Oo Markii Ugu Horeysay Soo Gaaray Xarunta… http://t.co/3FyySzxOEa http://t.co/LfBkP9pCk7,
1031Genfmsby,#InfoGen1031 Penggawa Liverpool Adam Lallana tidak sabar segera bekerja sama dengan pelatih baru Juergen Klopp,
Lammy_Mate,Just want it the Saturday need football in my life. So excited to see Klopp in charge of his first game,
KopDaily,Jurgen Klopp inspires Liverpool youngsters after watching Reds academy victory http://t.co/n8J0yBEGEq [DailyMail] #LFC,
Juara,Karena Klopp Bintang Borussia Dortmund Tergoda Gabung ke Liverpool http://t.co/cZbgbLISuE http://t.co/AsklRu4D6j,
AinhoaH_,Los 5 mejores goles de Jurgen Klopp como jugador http://t.co/1o2eVFkrtF,
tribalfootball,Klopp pushes Liverpool to go for £35M BVB striker Aubameyang #BVB #LFC #Klopp #Liverpool http://t.co/pYTkXJlu6m,
Hamrin_Deutsch,Aktuell - Kritik an BVB-Coach: "Klopp war Herzenstrainer Tuchel ist Trainer" http://t.co/h5ryoEj71s,
EPL_ArabicNews,???? ????? ?? ???? ?? ???? ??? ??????? ??????? ???? ??? ???? ??? ??????! http://t.co/yDR6SVRKXK #KloppLFC #?????… http://t.co/PVy2SCejFC,
EPL_ArabicNews,?????: ???? ????? ???? ??????? ???? #??????? ??? ?? ??? ?????? ??? ?????? ??? ???? ????. http://t.co/Xnt3RiGAJl https://t.co/s18RBEoyGR,
Wattoefc,At least Klopp has said he won't be signing Dortmund players. There's one positive.,
navidjaan,Good guy Jürgen. Klopp: Liverpool won't raid Dortmund. http://t.co/lXdgUT3PbP,
BoyleSports,@Sfmcgregor @StanCollymore http://t.co/auDV8t9fmi,
AllURLivingNeed,Jurgen Klopp 'not interested' in transfer budget as new Liverpool boss rules out raid on Borussia Dortmund http://t.co/tkfBXKlt2h,
LFCZA,Rory: #Klopp won't accept Sturridge's er varying work rate. That's the most intriguing one. #LFC,
WePushContent,Liverpool boss Klopp insists he won’t poach Dortmund players http://t.co/uBlopNxz9M #SPORT @TodayNGR,
mdtinfo,Klopp: "Não vou comprar as estrelas do Dortmund".  Vê tudo em... http://t.co/OOFiTa5piP,
Bxnksyy,Idk if its true but I keep seeing articles about Klopp making Gundogan and Reus his priorities in January asdfghjkl,
Mowen_88,Just let him get on with the job! #Klopp,
SecondPiese,Are un salariu de 7 milioane de lire sterline pe an dar uite ce conduce Jurgen Klopp http://t.co/1jh0ElkeO8 - pi… http://t.co/u0oCeuBJdN,
LFCZA,Rory: The defence is harder to be sure but I think the one who will really have to change is Sturridge.  #LFC #Klopp,
Laduni_Sadja,Lambemu Kang RT @ano_sumarno: Akankah jurgen klopp jadi moyes nya liverpool !?,
LFC_Arabic,???? ????? ?? ???? ?? ???? ??? ??????? ??????? ???? ??? ???? ??? ??????! http://t.co/knxIAi1vxS #KloppLFC #??????? http://t.co/gmUr6Tsan4,
Jerjunkz,@ninasakinah klopp tu player baru ke? Dia main posisi mana entah? Tk pernah dengar pun. Zzz,
FootballNewz4U,Jurgen Klopp admits he never dreamed about taking over Liverpool http://t.co/LX6iHU6aXH,
breakingnewsnig,Liverpool boss Klopp insists he won’t poach Dortmund players http://t.co/ydkl62x4Yt,
Frank_Pilantra,@martinkrag Jeg kan også hive nogle navne op af en hat. Kan du finde et direkte citat fra Klopp om f.eks Praet? Så vil det være interessant,
NizamFauzi_,Sembang kencang ribut pun ada si klopp ni,
fotbollskanal,TV: Dortmund: "Klopp har fingertoppskänsla han värvar inte från oss". http://t.co/BkfH5G8xFb http://t.co/XK5pgtgxPx,
adebo4all,Sir Alex Ferguson: Former Manchester United manager worried by Liverpool new coach Klopp http://t.co/txlz043rQX http://t.co/qbuAEIHMgd,
CAMOXFLAGE,Klopp was also the one who got Van Gaal sacked. class.,
CalcioWeb,Klopp placa gli animi del Liverpool: "non possiamo vincere subito ma daremo spettacolo" http://t.co/jYb4yCW9et,
Rchmadhidayatt,@zakyynwa memg karakternya jua tgaknya. Tapi klopp biasanya mgandalkan pmain muda ni. Ada aja ndia suksesor gerrard. Oke su slam ynwa leh,
LFC_MP,Riise: Jürgen's words gave me goosebumps: The appointment of Jürgen Klopp 'has lifted the Kop' according to former… http://t.co/KNlHLdkqo9,
FIFAupdates,Jurgen Klopp 'not interested' in transfer budget as new Liverpool boss rules out raid on Borussia Dortmund:  http://t.co/amCSZS7PD2,
Arnav141018,@premierleague draw or @SpursOfficial win by 1 goal... We need to give time to klopp or maybe we could lose 3-0 to spurs #YNWA #LFC,
LFCZA,Rory: Off the top of my head Clyne Moreno Milner Henderson Coutinho Firmino and possibly Benteke will all be fine. #Klopp #LFC,
shadrachr,Carra said I cant wait to work with Klopp. Then he said of-course in MNF. Now Lallana said the same. I think he meant interview. #LFC,
t_lucci,@AnfieldIndex 8 minutes into the Tomkins Times podcast on Klopp's tactical approaches and i'm LOVING itI'm in Ghana and the app is superb,
LPFCMalaysia,Adam Lallana sedih dengan pemergian Rodgers tetapi teruja dengan kedatangan Jürgen Klopp. (Y) (Y) (Y) http://t.co/OfP4beDYmT,
LFCZA,Rory: I think there's a core of players at #LFC who are not only quite good but who suit what #Klopp wants.,
BorussiaYellow,Jurgen Klopp Tidak Akan Datangkan Pemain Dari Borussia Dortmund http://t.co/N2WhYKOl4T #BVB,
LFC_SOUL,The day Jurgen Klopp beat Rafa's Reds 5-0 http://t.co/rkaZVbCF0s,
eplfeeds,Liverpool target trio of quality attackers as Klopp makes January transfer window plans @caughtoffside: Newly… http://t.co/jGvnkX8BMq,
evertontickets,Let's hope Klopp signs this star! Would love to see this wife in the stands at Anfield:… http://t.co/B5PtEnQIl6 http://t.co/OD9rpPLEUd,
LIV_Addict,“@LFC_Squad Jurgen Klopp arriving at Melwood for training season earlier today. http://t.co/iPVYZ6bQPB”,
pageAKB48,Klopp tidak Berniat Datangkan Bintang Dortmund http://t.co/DSRzckI8IQ,
SoccerNerdLV,#MLS #Soccer Klopp will not ruin his reputation by raiding Dortmund – Rauball http://t.co/lwKGEdv7dy,
LFC_Squad,Jurgen Klopp arriving at Melwood for training season earlier today. http://t.co/f0pcKUgCFo,
theredsfans,Brendan Rodgers udah musim ke-4 masih belum ada chant Klopp belum tanding aja udah banyak yg bikin chantnya. ??,
LFCZA,Who will benefit from the #Klopp approach at #LFC? Rory Smith has his say (he's doing a webchat) http://t.co/xEtA2AwTB7,
BattleOfRT,Big Match in Premier. Riuscirá la squadra di Klopp a riprendersi? Dite la vostra! RT for Tottenham FAV for Liverpool http://t.co/a1Z8J7lIcF,
LeireNation,Los 5 mejores goles de Jurgen Klopp como jugador http://t.co/Y0NT54awX5,
kopliverpool,????? ???? ??? ??? ???? ??? #??????? ??????? ?????  http://t.co/nh2NgGpr67,
jcleighton,@Kristian_Walsh I remembered this game the other day and wondered if Klopp was managing then but couldn't be arsed looking it up. Thanks.,
kickgist,FFLW BBM 58C1BF13. Jurgen Klopp admits he never dreamed about taking over Liverpool: #Klopp: Did I dream about... http://t.co/yXTV6QdHyG,
duniquesports,Klopp will not ruin his reputation by raiding Dortmund – Rauball http://t.co/QvzDXsiZ9j http://t.co/nRnH2tJ6JI,
PraramaYogi,Thomas Hitzlsperger: Jurgen Klopp Butuh Waktu & Uang http://t.co/qsGmf8U38D http://t.co/RitmbYCMQg,
PURWOREJOUNITED,Thomas Hitzlsperger: Jurgen Klopp Butuh Waktu & Uang http://t.co/tVIw1neTsP http://t.co/KTBLMugZXi,
andy_raafi,Thomas Hitzlsperger: Jurgen Klopp Butuh Waktu & Uang http://t.co/qtjuBK0KP2 http://t.co/TcMPUqTAMm,
writered21,Brilliant. RT @uMAXitFootball: A Sunderland fan wrote this brilliant letter to Jurgen Klopp. #SAFC http://t.co/roSQOYc1xZ,
Daafiiiii27,Klopp tidak Berniat Datangkan Bintang Dortmund http://t.co/TKNH0Rpw0H,
PandorasBarrel,#British #beer Liverpool news: Jurgen Klopp loving beer tea and cigarettes on Merseysi... http://t.co/oerTaqkEno http://t.co/hmkeyCe8Sh,
papa_faruq,@iskan_dahlan  klopp bisa bawa juara liverpool nggak pak musim ini?,
nadeemed,Is it just me or does Jürgen Klopp look like he can kill you at any time under his cheerful face? @LFC #YNWA  https://t.co/RKwQgq5kWY,
offthepost,Jurgen Klopp admits he never dreamed about taking over Liverpool http://t.co/wcHn1SwdBQ,
tobiasbreit,The Unbearable Lightness of Klopp: What Liverpool's New Manager Could Mean for the Premier League http://t.co/AFH5vMMiGy,
ninasakinah,first day training klopp with the reds. goodluck klopp??,
BeEnergyDrinks,BE Active - Liverpool manager Jurgen Klopp will not go after Dortmund players: ‘That is not my approach’: Live... http://t.co/EgCy4Gw8j2,
welcome2barca99,#MUFC clip Klopp loving life in scouse land. http://t.co/bknM9ZrkVp,
vincentjones224,http://t.co/4m2Ow7MhgR,
bolangantang,Thomas Hitzlsperger: Jurgen Klopp Butuh Waktu & Uang http://t.co/xwf19HnbhM,
livefootball,The Jurgen Klopp #LFC era begins at Tottenham this weekend: http://t.co/IwUdWtwQyL http://t.co/inJCPjZ5A3,
devikaloverz,Thomas Hitzlsperger: Jurgen Klopp Butuh Waktu & Uang http://t.co/idSUkb8kI5,
PeeWeeWiggly,Los 5 mejores goles de Jurgen Klopp como jugador http://t.co/Cczkf9GzjI,
spox,Jürgen Klopp will keine BVB-Spieler an die Anfield Road holen: "Das ist in keiner Weise mein Ansatz" http://t.co/miVIub2J5l,
AriKurniawan95,Thomas Hitzlsperger: Jurgen Klopp Butuh Waktu & Uang http://t.co/zEjSQVc4Tc,
KABOR90,Follow @Coltliq90 || Thomas Hitzlsperger: Jurgen Klopp Butuh Waktu & Uang http://t.co/uJ8ePi7wYB,
JakartaSport,Thomas Hitzlsperger: Jurgen Klopp Butuh Waktu & Uang http://t.co/1uRsJ9yff0 http://t.co/fG5nbsS5LL,
PAJ12Project,Thomas Hitzlsperger: Jurgen Klopp Butuh Waktu & Uang http://t.co/B7Bhoq2Oup | http://t.co/fgbnPsrWBN,
kabarliga,Thomas Hitzlsperger: Jurgen Klopp Butuh Waktu & Uang http://t.co/s8a63BBAVJ,
premnewsuk,Jurgen Klopp 'not interested' in transfer budget as new Liverpool boss rules out raid on Borussia Dortmund #LFC http://t.co/KrV9fFmlX5,
Anfield_Chat_,Jurgen Klopp insists he has no intention of trying to bring any Dortmund stars to Liverpool. (Echo),
nikpozhid,????? ?? ??????? ???????? ??????? «????????» http://t.co/el8lPHJVfW http://t.co/5fgXmfpMXe,
Muhdaff,Klopp is giving us a hope (again) :).. #KloppLFC #LFC #MakeUsDream,
laviedefreyja,Liverpool ManCity ile  tuttu?um Premier Lig ekiplerinden. Liverpool sevilmeyecek yer de?ildir kolay al???r Klopp hele de Beatles fan?ysa,
villatickets,Let's hope Klopp signs this star! Would love to see this wife in the stands at Anfield:… http://t.co/e04WygqrHA http://t.co/8Pk2CjqUWQ,
TicketHotspur,Let's hope Klopp signs this star! Would love to see this wife in the stands at Anfield:… http://t.co/uoO6Dsdypk http://t.co/sGOxg6AYgN,
xtsoccer,#soccernews Klopp will not ruin his reputation by raiding Dortmund – Rauball http://t.co/zjvDD9yEdO,
90min_Football,Klopp Says He Won't Sign Any Dortmund Players at Liverpool http://t.co/CPwuJqPoML,
NRK_Fotball,Klopp: – Uaktuelt å hente Dortmund-spillere: Jürgen Klopp benekter at han ser mot gamleklubben når ha... http://t.co/g2OY2SM7wF #fotball,
IndoAnfield,Klopp Janji Tak Akan Gaet Bintang Dortmund ke Liverpool http://t.co/0ETU8hLdHd,
LiverpoolArmy,Jurgen Klopp reveals - 'This is my target for the first season with Liverpool'. http://t.co/149w4Zyg4G,
JasteenNeymar,Op jurgen klopp,
Jurnal19BTV,Tahukah bintang yang berpotensi susul @klopp_juergen ke @LFC? Tonton #BeritaOlahraga ini di #JURNAL19! @IndoLiverpoolfc @ukmbolabinus,
FuriousWHITES,Los 5 mejores goles de Jurgen Klopp como jugador http://t.co/ZWQsUnO4R3,
GemmaTorres7,Los 5 mejores goles de Jurgen Klopp como jugador http://t.co/GmUZSo0J5T,
ChicaNBA,Los 5 mejores goles de Jurgen Klopp como jugador http://t.co/pXT3vi9Awj,
Doblecincomx,Jügen Klopp #TheNormalOne http://t.co/s0X3ts8AKL http://t.co/8v2BEj1vVF,
FansVD1,#EPL | Jürgen Klopp quiere a una joya italiana para reforzar al Liverpool - Venezuela Deportiva http://t.co/vlUisOIt6d,
VenDeportiva,#EPL | Jürgen Klopp quiere a una joya italiana para reforzar al Liverpool - Venezuela Deportiva http://t.co/NINqKxwTHP,
Sircule2012,#EPL | Jürgen Klopp quiere a una joya italiana para reforzar al Liverpool - Venezuela Deportiva http://t.co/zD1EIs5Oz4,
marathonbet,Since Jurgen Klopp became @LFC boss we've shortened their price for a top four finish from 13/5 to 5/2. #KloppLFC http://t.co/rSlIB4bXQh,
mikey_tpb,'Klopp will work with Daniel Sturridge for the first time' says the Guardian.   I'm sure big Kloppo must be beside himself with excitement.,
PrinceTottenham,If he likes Klopp that much why he left him for rival & for FREE ? https://t.co/ah2NAwq02a,
ZumaLFC,Klopp saying he doesn't need transfers will be a huge confidence booster for the squad.,
JasteenQays,Srsly sia jurgen klopp at liverpool,
benjamin19882,Sir Alex Ferguson: Former Manchester United manager worried by Liverpool new ... - http://t.co/QI3oN0zMVY #GistToday http://t.co/3LGZsnxBU2,
Rebel_JoFro,@AnfieldIndex Just had to say thanks for the quality content on #Klopp !! Remedy for the long wait till Saturday #keepitcoming !!,
b_guilbert,Stan Collymore: Jurgen Klopp has already created a buzz at Liverpool http://t.co/kPpzQxvrGk,
tribalfootball,Newcastle legend Shearer: Liverpool right to dump Rodgers #NUFC #LFC #Klopp #LIverpool #Liverpoolfc #YNWA http://t.co/J6SNRqM559,
AfeesAdeniyi,#LFC have entered the race for £29m Ruben Navas with Klopp making it clear that he’d like to see the player come to Anfield. #CFC (TMW),
ArsenalFCTpNews,Jurgen Klopp has vowed to restore glory days to Liverpool FC... but how has ... http://t.co/BAqGsV4TnN via @kop_that http://t.co/doVpZhcnq1,
NeilSheakey,@markritson fill your boots with over the Klopp headlines... http://t.co/ObcOAT2M5q,
NeilDocking,I wrote this for @TheAnfieldWrap about foolishly going on holiday the week everything changed at Liverpool FC! http://t.co/RwTh8EOBjr,
serieapress,Liverpool Klopp segue Ayew http://t.co/ojzfNygUvS #seriea #calciomercato,
cidadaoreport,Jürgen Klopp novo técnico do Liverpool diz que não pensa em contratar jogadores do Dortmund seu ex-clube http://t.co/3AFGinh3Tf #notícias,
ManCity_MCFC,Let's hope Klopp signs this star! Would love to see this wife in the stands at Anfield: http://t.co/CuLLZmvlc6 http://t.co/MdiUQeDs56,
THFC_Spurs,Let's hope Klopp signs this star! Would love to see this wife in the stands at Anfield: http://t.co/pblTKYGKWm http://t.co/zh8lPYGBAb,
FENfootballnews,Let's hope Klopp signs this star! Would love to see this wife in the stands at Anfield: http://t.co/AToWHmAkMB http://t.co/4SGgE1SaWa,
Toffees_EFC,Let's hope Klopp signs this star! Would love to see this wife in the stands at Anfield: http://t.co/yMptXJjbyi http://t.co/2GSU0m7WZo,
GunnersAFC,Let's hope Klopp signs this star! Would love to see this wife in the stands at Anfield: http://t.co/w8JEMKaSmU http://t.co/xqgdiCXYX0,
AVFC_Villains,Let's hope Klopp signs this star! Would love to see this wife in the stands at Anfield: http://t.co/PnXeFwKr8L http://t.co/sR54bDkUBL,
Toon_News,Let's hope Klopp signs this star! Would love to see this wife in the stands at Anfield: http://t.co/0xoTEunnBc http://t.co/zyfAzjVSFi,
qpr__fc,Let's hope Klopp signs this star! Would love to see this wife in the stands at Anfield: http://t.co/dUE7P6NCBq http://t.co/qQo1lWihrV,
OurKop,Let's hope Klopp signs this star! Would love to see this wife in the stands at Anfield: http://t.co/P99Lu9MjHT http://t.co/OiGQFep4aa,
UtdMUFC,Let's hope Klopp signs this star! Would love to see this wife in the stands at Anfield: http://t.co/mtFv2EBhDU http://t.co/jHjFLauJcJ,
TheGoonercom,Let's hope Klopp signs this star! Would love to see this wife in the stands at Anfield: http://t.co/4o76VzrgrC http://t.co/TS4DkeLNqP,
Fulham__News,Let's hope Klopp signs this star! Would love to see this wife in the stands at Anfield: http://t.co/uZfjtSA3KO http://t.co/ifBSdabwgR,
AFC__Sunderland,Let's hope Klopp signs this star! Would love to see this wife in the stands at Anfield: http://t.co/WlRpSFXLX6 http://t.co/3ym85Nc29h,
CFC_ChelseaFC,Let's hope Klopp signs this star! Would love to see this wife in the stands at Anfield: http://t.co/Vxi06HI3iJ http://t.co/44i7gqYzH6,
Swansea__City,Let's hope Klopp signs this star! Would love to see this wife in the stands at Anfield: http://t.co/OtwKOwIkUn http://t.co/Xawu1Q2q3N,
Leeds_Utd,Let's hope Klopp signs this star! Would love to see this wife in the stands at Anfield: http://t.co/2HbMk9RswW http://t.co/Yt00TilOM9,
NewsFromAnfield,Let's hope Klopp signs this star! Would love to see this wife in the stands at Anfield: http://t.co/WNv1Za1G6V http://t.co/m0nd70Q7mb,
Hammers__News,Let's hope Klopp signs this star! Would love to see this wife in the stands at Anfield: http://t.co/msXvVzfQac http://t.co/Y88b4Ul4aI,
ChelseaFFC_,Let's hope Klopp signs this star! Would love to see this wife in the stands at Anfield: http://t.co/M5PdwvWHAz http://t.co/YNTOiVPUKI,
JoeyCarbonara,Los 5 mejores goles de Jurgen Klopp como jugador http://t.co/XhYEqOiU1J,
AnfieldHQ,Jurgen Klopp has agreed to rent Brendan Rodgers' former luxury £1.2m apartment in the Sefton Park area of Merseyside. #lfc (Mail),
vidiodotcom,Ini dia komentar Jurgen Klopp tentang Liverpool setelah resmi menjabat sebagai manager baru http://t.co/YQvP5ku7bs http://t.co/1nNVCestkz,
inside_gafur,@premierleague #BPL he has some really big games ahead hope he does well or else he is in for critics to slaughter like klopp the flopp,
OffsideNED,HAHA! Neppe Jürgen Klopp TROLLT Liverpool-fans! : http://t.co/0ZAlDF58UF http://t.co/9x7gPI3K8D,
LIVERPOOLNEWS6,The appointment of Jürgen Klopp 'has lifted the Kop' according to former Liverpool defender John Arne Riise who... http://t.co/ajx5GzZ2tj,
infonyatop,Klopp Langsung Angkat Nama Besar Liverpool: LIVERPOOL – Jurgen Klopp sedianya belum memulai… http://t.co/WzmlbOu6Su,
gerryshih,Brian Phillips is an essential voice in soccer writing http://t.co/sjSSsaOIqB,
yedi24spor,Jürgen Klopp ?ehir turunda. http://t.co/mCvkmiJWPM,
InfoPialaDunia,Thomas Hitzlsperger: Jurgen Klopp Butuh Waktu & Uang http://t.co/SvQFzgCVon #sepakbola,
ishanbegins,@premierleague LIV win by 2+ and that's more than just because of klopp.. @LFC has done well against tottenham in the last few seasons :D,
Kiebkspam,Kritik an BVB-Coach: "Klopp war Herzenstrainer Tuchel ist Trainer" http://t.co/JwEF3atmWq,
Sfmcgregor,@StanCollymore @BoyleSports stan there was all sorts of odds banded about klopp and winning trophies I like the odds of 5/2 to win in 3 yrs,
lordprotocol,Klopp Comments On Transfer Intentions Responds To Liverpool Rumours http://t.co/hSXmFAo6fO http://t.co/6zmVnsfqaV,
TheLFCGuide,Klopp: "I have no intention to luring Dortmund's stars to #LFC" http://t.co/MiraI6sOdg,
duniquesports,Klopp will not ruin his reputation by raiding Dortmund – Rauball http://t.co/WXXjf3CQki http://t.co/Aes7EmaG1G,
Valencia07_ID,Thomas Hitzlsperger: Jurgen Klopp Butuh Waktu & Uang http://t.co/WD6MrQvWsy,
OfficialMacans,Thomas Hitzlsperger: Jurgen Klopp Butuh Waktu & Uang http://t.co/gtnEa7MsWh,
TotalSoccerID,Thomas Hitzlsperger: Jurgen Klopp Butuh Waktu & Uang http://t.co/TZWbLgbstS,
GOAL_Gun,Thomas Hitzlsperger: Jurgen Klopp Butuh Waktu & Uang http://t.co/ROqLyfIngt,
koranolahraga,Thomas Hitzlsperger: Jurgen Klopp Butuh Waktu & Uang http://t.co/9ge2VBY1Gj,
BatugaraOnline,#BolaMahpudeen Thomas Hitzlsperger: Jurgen Klopp Butuh Waktu & Uang http://t.co/tj09UJVOHc #followMahpudeen,
media_berita,Media Berita : Thomas Hitzlsperger: Jurgen Klopp Butuh Waktu & Uang: Thomas Hitzlsperger memprediksi Jurgen Klopp… http://t.co/JFbWhVaFB5,
SoccertaimentID,Thomas Hitzlsperger: Jurgen Klopp Butuh Waktu & Uang http://t.co/lVf1vmJOIE,
BVB_ID,Thomas Hitzlsperger: Jurgen Klopp Butuh Waktu & Uang http://t.co/JcXtINvI7L,
Geol_Goal,Thomas Hitzlsperger: Jurgen Klopp Butuh Waktu & Uang http://t.co/0B1Eo21D8c,
MRXI_ID,Selain gokil Klopp itu orangnya suka menghargai. Contohnya menghargai pemain / fans.  Susahkan buat ngebenci Jurgen Klopp? #True,
SimonC1972,I'll tell you what since Thursday it's been none stop Klopp #LFC #Kloppmania,
Hajijo,@premierleague #BPL he has some really big games ahead hope he does well or else he is in for critics to slaughter like klopp the flopp,
AutoABshop,Are un salariu de 7 milioane de lire sterline pe an dar uite ce conduce Jurgen Klopp - AutoABshop.ro http://t.co/SpxMqGK2Vh,
ianmcg11,Jürgen Klopp has vowed to get Liverpool back where they belong...  In the 70s.,
LFCZA,Here's a piece from @SamMcGuire90 on #Klopp's #Gegenpressing - https://t.co/giY3nM8u55 & how it could work for #LFC,
VICESportsDE,Grenzenlos und gefährlich—der Hype um King #Klopp könnte sein schwerster Gegner werden.   https://t.co/xmpCeE1N6I http://t.co/RFXXUsf9wV,
